{
  "scores": [
    {
      "time": 1672960585696,
      "score": 318600,
      "combo": 52,
      "acuracy": 0.7368421
    },
    {
      "time": 1672979899336,
      "score": 402300,
      "combo": 56,
      "acuracy": 0.807017565
    }
  ]
}