{
  "scores": [
    {
      "time": 1672872047688,
      "score": 2285800,
      "combo": 130,
      "acuracy": 0.8923077
    },
    {
      "time": 1672944015927,
      "score": 2000100,
      "combo": 130,
      "acuracy": 0.8076923
    }
  ]
}